ケース数,引用回数,種類,著者,タイトル,出典,引用したケース,表記ゆれ
8,20,書籍,長谷部恭男編,註釈日本国憲法(2),（有斐閣、 2017年）64頁,結婚の自由をすべての人に訴訟（同性婚訴訟） / ジャーナリストに渡航の自由を！訴訟【アーカイブ】 / 本人の意思を無視して日本国籍を一方的にはく奪する「国籍法11条1項は違憲」訴訟 / 立候補年齢引き下げ訴訟 / 「共働き妻を亡くした夫にも遺族年金を」訴訟 / 夫婦別姓も選べる社会へ！訴訟 / 「わたしの体は母体じゃない」訴訟 / 「18歳未満にも選挙で応援する自由を」訴訟,注釈日本国憲法(2) / 註釈日本国憲法(2)
8,19,書籍,佐藤幸治,日本国憲法論[第2版],"(成 文堂,2020年)",結婚の自由をすべての人に訴訟（同性婚訴訟） / ジャーナリストに渡航の自由を！訴訟【アーカイブ】 / 司法の独立を脅かす岡口裁判官の罷免訴追に反対します！【アーカイブ】 / 「会計年度任用職員にも労働基本権を！」訴訟 / 「共働き妻を亡くした夫にも遺族年金を」訴訟 / 「わたしの体は母体じゃない」訴訟 / 難民帰化訴訟〜真に社会の一員へ〜 / 「18歳未満にも選挙で応援する自由を」訴訟,日本国憲法論(第2版) / 日本国憲法論[第2版] / 日本国憲法論〔第2版] / 日本国憲法論〔第2版〕
6,14,書籍,渋谷秀樹,憲法（第3版）,（有斐閣、 2017年）204頁,結婚の自由をすべての人に訴訟（同性婚訴訟） / ネパール人取調べ中死亡国賠訴訟事件【アーカイブ】 / 本人の意思を無視して日本国籍を一方的にはく奪する「国籍法11条1項は違憲」訴訟 / 立候補年齢引き下げ訴訟 / 「わたしの体は母体じゃない」訴訟 / 難民帰化訴訟〜真に社会の一員へ〜,憲法(第3版) / 憲法[第3版] / 憲法〔第3版] / 憲法〔第3版〕 / 憲法第3版 / 憲法（第3版）
5,13,書籍,高橋和之,立憲主義と日本国憲法[第6版],(有斐閣、2024),「共働き妻を亡くした夫にも遺族年金を」訴訟 / 夫婦別姓も選べる社会へ！訴訟 / 「わたしの体は母体じゃない」訴訟 / 人質司法に終止符を！訴訟 / 引越しで選挙権が制限されない未来へ！訴訟,立憲主義と日本国憲法(第6版) / 立憲主義と日本国憲法[第6版] / 立憲主義と日本国憲法〔第6版〕 / 立憲主義と日本国憲法第6版
5,8,書籍,宇賀克也,行政法概説Ⅰ行政法総論〔第7版〕,(有斐閣、2020年),「セックスワークにも給付金を」訴訟 【アーカイブ】 / コロナ禍、日本社会の理不尽を問う（コロナ特措法違憲訴訟）【アーカイブ】 / 司法の独立を脅かす岡口裁判官の罷免訴追に反対します！【アーカイブ】 / 『宮本から君へ』助成金不交付決定取消訴訟【アーカイブ】 / 日米同性カップル在留資格訴訟  〜家族そろって日本で暮らすために〜【アーカイブ】,行政法概説I行政法総論[第7版] / 行政法概説I行政法総論〔第7版〕 / 行政法概説Ⅰ行政法総論(第7版〕 / 行政法概説Ⅰ行政法総論【第7版】 / 行政法概説Ⅰ行政法総論〔第7版〕
4,21,書籍,我妻榮,親族法,が出版された昭和36年(1961年),結婚の自由をすべての人に訴訟（同性婚訴訟） / 夫婦別姓も選べる社会へ！訴訟 / わたしたちはもう待てない〜同性婚仙台家事審判事件 / 日本でもマリアージュしたいねん～海外で成立した同性婚の受理を求める裁判～,
4,8,書籍,長谷部恭男,憲法第7版,(新世社・2018年),「海外でも国民審査を」訴訟【アーカイブ】 / 結婚の自由をすべての人に訴訟（同性婚訴訟） / ジャーナリストに渡航の自由を！訴訟【アーカイブ】 / 「わたしの体は母体じゃない」訴訟,憲法(第7版) / 憲法[第7版] / 憲法〔第7版〕 / 憲法第7版
4,6,書籍,二宮周平編,性のあり方の多様性,(日本評論社、2017),結婚の自由をすべての人に訴訟（同性婚訴訟） / オペなしで！戸籍上も「俺」になりたい裁判【アーカイブ】 / わたしたちはもう待てない〜同性婚仙台家事審判事件 / 日本でもマリアージュしたいねん～海外で成立した同性婚の受理を求める裁判～,
4,5,書籍,,憲法I基本権〔第2版〕,(日本評論社、2023年),結婚の自由をすべての人に訴訟（同性婚訴訟） / 「共働き妻を亡くした夫にも遺族年金を」訴訟 / 「18歳未満にも選挙で応援する自由を」訴訟 / 人質司法に終止符を！訴訟,憲法I基本権(第2版) / 憲法I基本権〔第2版] / 憲法I基本権〔第2版〕 / 憲法I基本権第2版
4,5,書籍,我妻榮編,戦後における民法改正の経過,"(日本評論新社,昭和31年)",結婚の自由をすべての人に訴訟（同性婚訴訟） / 夫婦別姓も選べる社会へ！訴訟 / わたしたちはもう待てない〜同性婚仙台家事審判事件 / 日本でもマリアージュしたいねん～海外で成立した同性婚の受理を求める裁判～,
4,5,書籍,二宮周平編,新注釈民法,"(有斐閣, 2017)",結婚の自由をすべての人に訴訟（同性婚訴訟） / 「同性パートナーにも犯罪被害の遺族給付金を」訴訟 / わたしたちはもう待てない〜同性婚仙台家事審判事件 / 日本でもマリアージュしたいねん～海外で成立した同性婚の受理を求める裁判～,
4,4,書籍,小山剛,「憲法上の権利,の作法（第 3版）』（尚学社、 2016年）184-5頁,結婚の自由をすべての人に訴訟（同性婚訴訟） / 本人の意思を無視して日本国籍を一方的にはく奪する「国籍法11条1項は違憲」訴訟 / 立候補年齢引き下げ訴訟 / 「18歳未満にも選挙で応援する自由を」訴訟,
4,4,書籍,,憲法Ⅰ第5版,"有斐閣,2012, p.544.(高見勝利執筆部分)",結婚の自由をすべての人に訴訟（同性婚訴訟） / ジャーナリストに渡航の自由を！訴訟【アーカイブ】 / 立候補年齢引き下げ訴訟 / 日本でもマリアージュしたいねん～海外で成立した同性婚の受理を求める裁判～,憲法I(第5版) / 憲法I(第5版)) / 憲法I〔第5版〕 / 憲法Ⅰ第5版
3,18,書籍,有地亨,新版家族法概論〔補訂版〕,"(法律文化社,平成17年)",結婚の自由をすべての人に訴訟（同性婚訴訟） / わたしたちはもう待てない〜同性婚仙台家事審判事件 / 日本でもマリアージュしたいねん～海外で成立した同性婚の受理を求める裁判～,新版家族法概論(補訂版) / 新版家族法概論[補訂版〕 / 新版家族法概論〔補訂版〕
3,16,書籍,谷口知平,日本親族法,"(弘文堂書房,1935〔昭和10年〕)",結婚の自由をすべての人に訴訟（同性婚訴訟） / わたしたちはもう待てない〜同性婚仙台家事審判事件 / 日本でもマリアージュしたいねん～海外で成立した同性婚の受理を求める裁判～,
3,15,書籍,木下智史,新・コンメンタール憲法(第2版),(日本評論社、2019年),結婚の自由をすべての人に訴訟（同性婚訴訟） / 立候補年齢引き下げ訴訟 / 人質司法に終止符を！訴訟,
3,12,書籍,二宮周平,事実婚の現代的課題,"(日本評論社, 1990)",結婚の自由をすべての人に訴訟（同性婚訴訟） / わたしたちはもう待てない〜同性婚仙台家事審判事件 / 日本でもマリアージュしたいねん～海外で成立した同性婚の受理を求める裁判～,
3,12,書籍,大村敦志,家族法[第３版],（有斐閣、２ ０１０）２５頁,結婚の自由をすべての人に訴訟（同性婚訴訟） / わたしたちはもう待てない〜同性婚仙台家事審判事件 / 日本でもマリアージュしたいねん～海外で成立した同性婚の受理を求める裁判～,家族法(第3版) / 家族法[第3版] / 家族法[第３版] / 家族法〔第3版〕
3,10,書籍,千葉勝美,同性婚と司法,(岩波書店、初版、2024年2月),結婚の自由をすべての人に訴訟（同性婚訴訟） / わたしたちはもう待てない〜同性婚仙台家事審判事件 / 日本でもマリアージュしたいねん～海外で成立した同性婚の受理を求める裁判～,
3,9,論文（雑誌掲載）,星野茂,わが国における同性愛者をめぐる家族法上の諸問題,法律論叢69巻3 =4=5号 写し 1997年 2月 星野茂 1990年代の民法学説に,結婚の自由をすべての人に訴訟（同性婚訴訟） / わたしたちはもう待てない〜同性婚仙台家事審判事件 / 日本でもマリアージュしたいねん～海外で成立した同性婚の受理を求める裁判～,
3,8,書籍,中川善之助,日本親族法,（日本評論社、昭和１７年）・甲Ａ ５４・２１４頁,結婚の自由をすべての人に訴訟（同性婚訴訟） / わたしたちはもう待てない〜同性婚仙台家事審判事件 / 日本でもマリアージュしたいねん～海外で成立した同性婚の受理を求める裁判～,
3,7,書籍,森本富士雄,日本親族法,"(文信社書店,1926〔昭 和元年〕)",結婚の自由をすべての人に訴訟（同性婚訴訟） / わたしたちはもう待てない〜同性婚仙台家事審判事件 / 日本でもマリアージュしたいねん～海外で成立した同性婚の受理を求める裁判～,
3,7,書籍,中川善之助,略說身分法学,"(岩波書店,1930〔昭和 5年〕)",結婚の自由をすべての人に訴訟（同性婚訴訟） / わたしたちはもう待てない〜同性婚仙台家事審判事件 / 日本でもマリアージュしたいねん～海外で成立した同性婚の受理を求める裁判～,略說身分法学 / 略說身分法學
3,7,書籍,穂積重遠,親族法大意,(岩波書店、 1917年),結婚の自由をすべての人に訴訟（同性婚訴訟） / わたしたちはもう待てない〜同性婚仙台家事審判事件 / 日本でもマリアージュしたいねん～海外で成立した同性婚の受理を求める裁判～,
3,6,論文（雑誌掲載）,大村敦志,性転換・同性愛と民法(下),ジュリスト1081号(甲A327の2),結婚の自由をすべての人に訴訟（同性婚訴訟） / わたしたちはもう待てない〜同性婚仙台家事審判事件 / 日本でもマリアージュしたいねん～海外で成立した同性婚の受理を求める裁判～,
3,6,書籍,樋口陽一,憲法(第4版),(勁草書房、2021年),結婚の自由をすべての人に訴訟（同性婚訴訟） / 「セックスワークにも給付金を」訴訟 【アーカイブ】 / 難民帰化訴訟〜真に社会の一員へ〜,憲法(第4版) / 憲法〔第4版] / 憲法〔第4版〕
3,6,書籍,前述の総務省行政管理局編,詳解情報公開法,480頁,警察庁が保有する秘密個人情報ファイル簿の情報公開訴訟 / イラク戦争検証報告書情報公開訴訟【アーカイブ】 / 「学術会議の独立性」を市民で守ろう ～会員任命拒否理由の情報公開訴訟～,
3,5,書籍,辻村みよ子著,憲法[第7版],(日本 評論社、2021年),司法の独立を脅かす岡口裁判官の罷免訴追に反対します！【アーカイブ】 / 日米同性カップル在留資格訴訟  〜家族そろって日本で暮らすために〜【アーカイブ】 / 立候補年齢引き下げ訴訟,憲法(第7版) / 憲法[第7版] / 憲法[第7版〕 / 憲法〔第7版〕
3,5,書籍,薬師寺志光,日本親族法論上巻,"(南郊 社, 1939)",結婚の自由をすべての人に訴訟（同性婚訴訟） / わたしたちはもう待てない〜同性婚仙台家事審判事件 / 日本でもマリアージュしたいねん～海外で成立した同性婚の受理を求める裁判～,
3,5,書籍,大村敦志,民法読解親族編,(有斐閣、 2015),結婚の自由をすべての人に訴訟（同性婚訴訟） / わたしたちはもう待てない〜同性婚仙台家事審判事件 / 日本でもマリアージュしたいねん～海外で成立した同性婚の受理を求める裁判～,
3,4,書籍,宮沢俊義・芦部信喜,全訂日本国憲法[第2版(全訂版)],(日本評論社、1981 年),「海外でも国民審査を」訴訟【アーカイブ】 / ネパール人取調べ中死亡国賠訴訟事件【アーカイブ】 / 立候補年齢引き下げ訴訟,全訂日本国憲法(第2版(全訂版)) / 全訂日本国憲法(第2版全訂版) / 全訂日本国憲法[第2版(全訂版)] / 全訂日本国憲法第2版(全訂版)
3,4,書籍,長谷部恭男編,注釈日本国憲法(3),(有斐閣、 2020年),「日本の入管収容は国際人権法違反」訴訟 / 要件を満たす島民の請求を市長が拒否！石垣島住民投票の権利を問う裁判【アーカイブ】 / 人質司法に終止符を！訴訟,
3,3,書籍,宇賀克也,国家補償法,(有斐閣・1996年),結婚の自由をすべての人に訴訟（同性婚訴訟） / 神戸石炭訴訟｜気候変動と大気汚染を防ぐため、石炭火力発電所新設は取り消しを！【アーカイブ】 / 夫婦別姓も選べる社会へ！訴訟,
3,3,書籍,窪田充見,家族法,(有斐閣、2011),「同性パートナーにも犯罪被害の遺族給付金を」訴訟 / わたしたちはもう待てない〜同性婚仙台家事審判事件 / 日本でもマリアージュしたいねん～海外で成立した同性婚の受理を求める裁判～,
3,3,書籍,星野英一,家族法,(放送大学教育振興会、1994年),結婚の自由をすべての人に訴訟（同性婚訴訟） / わたしたちはもう待てない〜同性婚仙台家事審判事件 / 日本でもマリアージュしたいねん～海外で成立した同性婚の受理を求める裁判～,
3,3,書籍,刊行委員会編,家族法学の現在と未来,(信山社・ 2024),「わたしの体は母体じゃない」訴訟 / わたしたちはもう待てない〜同性婚仙台家事審判事件 / 日本でもマリアージュしたいねん～海外で成立した同性婚の受理を求める裁判～,
3,3,書籍,周平,家族法第5版,(新世社、2019),結婚の自由をすべての人に訴訟（同性婚訴訟） / わたしたちはもう待てない〜同性婚仙台家事審判事件 / 日本でもマリアージュしたいねん～海外で成立した同性婚の受理を求める裁判～,家族法(第5版) / 家族法第5版
3,3,書籍,芦部信喜編,憲法Ⅲ人権(2),(有斐閣、1981 年),在外選挙権確認訴訟【アーカイブケース】 / 「会計年度任用職員にも労働基本権を！」訴訟 / 人質司法に終止符を！訴訟,憲法III人権(2) / 憲法Ⅲ人権(2)
3,3,書籍,,憲法〔第7版〕,岩波書店(2019年),「海外でも国民審査を」訴訟【アーカイブ】 / 結婚の自由をすべての人に訴訟（同性婚訴訟） / 夫婦別姓も選べる社会へ！訴訟,憲法(第7版) / 憲法〔第7版〕
3,3,書籍,芦部信喜・高橋和之補訂,憲法〔第8版〕,(岩波書店、2023年),日米同性カップル在留資格訴訟  〜家族そろって日本で暮らすために〜【アーカイブ】 / 「共働き妻を亡くした夫にも遺族年金を」訴訟 / 難民帰化訴訟〜真に社会の一員へ〜,憲法(第8版) / 憲法〔第8版] / 憲法〔第8版〕
3,3,書籍,芦部信喜著・高橋和之補訂,憲法第七版,(岩波書店、2019),「海外でも国民審査を」訴訟【アーカイブ】 / 結婚の自由をすべての人に訴訟（同性婚訴訟） / 夫婦別姓も選べる社会へ！訴訟,
3,3,書籍,宍戸常寿,憲法解釈論の応用と展開〔第2版〕,(日本評論社、2014年),結婚の自由をすべての人に訴訟（同性婚訴訟） / 「セックスワークにも給付金を」訴訟 【アーカイブ】 / コロナ禍、日本社会の理不尽を問う（コロナ特措法違憲訴訟）【アーカイブ】,憲法解釈論の応用と展開(第2版) / 憲法解釈論の応用と展開〔第2版〕 / 憲法解釈論の応用と展開第2版
3,3,論文（雑誌掲載）,山本拓,法曹時報,33巻7号 〔1981年〕24-25頁,結婚の自由をすべての人に訴訟（同性婚訴訟） / 司法の独立を脅かす岡口裁判官の罷免訴追に反対します！【アーカイブ】 / 「18歳未満にも選挙で応援する自由を」訴訟,
3,3,書籍,中川善之助はその著,略説身分法学,"(岩波書店, 1930〔昭和5年〕)",結婚の自由をすべての人に訴訟（同性婚訴訟） / わたしたちはもう待てない〜同性婚仙台家事審判事件 / 日本でもマリアージュしたいねん～海外で成立した同性婚の受理を求める裁判～,
3,3,書籍,櫻井敬子=橋本博之,行政法〔第6版〕,(弘文堂、2019年),「セックスワークにも給付金を」訴訟 【アーカイブ】 / コロナ禍、日本社会の理不尽を問う（コロナ特措法違憲訴訟）【アーカイブ】 / 『宮本から君へ』助成金不交付決定取消訴訟【アーカイブ】,行政法(第6版) / 行政法〔第6版〕
2,22,書籍,二宮周平編,新注釈民法(17)親族(1),"(有 斐閣,平成29年10月20 日)",結婚の自由をすべての人に訴訟（同性婚訴訟） / 夫婦別姓も選べる社会へ！訴訟,
2,19,書籍,法学協会編,注解日本國憲法上巻,（有斐閣，１ ９５３年）４７０頁,結婚の自由をすべての人に訴訟（同性婚訴訟） / 既婚を理由に法的性別取扱い変更を認めないのは違憲！「なんでうちらが離婚せなあかんの？」裁判,注解日本國憲法上巻 / 註解日本国憲法上巻 / 註解日本國憲法上巻
2,14,書籍,,憲法I基本権,(日本評論社、2016年),結婚の自由をすべての人に訴訟（同性婚訴訟） / 「セックスワークにも給付金を」訴訟 【アーカイブ】,
2,13,書籍,二宮周平編,新注釈民法（１７）,〔神 谷遊〕（有斐閣，２０１７年）１８９頁,結婚の自由をすべての人に訴訟（同性婚訴訟） / 日本でもマリアージュしたいねん～海外で成立した同性婚の受理を求める裁判～,新注釈民法(17) / 新注釈民法（１７）
2,12,書籍,辻村みよ子,憲法と家族,(日本加除出版、2 016),結婚の自由をすべての人に訴訟（同性婚訴訟） / 夫婦別姓も選べる社会へ！訴訟,
2,12,書籍,,親族法,（有斐閣、昭和３６年）、甲Ａ５０・１４頁,結婚の自由をすべての人に訴訟（同性婚訴訟） / 日本でもマリアージュしたいねん～海外で成立した同性婚の受理を求める裁判～,
2,10,書籍,穂積重遠,相続法大意,（岩波書店、大正６年）、甲Ａ８・６０頁,結婚の自由をすべての人に訴訟（同性婚訴訟） / 日本でもマリアージュしたいねん～海外で成立した同性婚の受理を求める裁判～,
2,9,書籍,,広辞苑,"の記述は, 1991年(平成3年)",結婚の自由をすべての人に訴訟（同性婚訴訟） / 日本でもマリアージュしたいねん～海外で成立した同性婚の受理を求める裁判～,
2,9,書籍,高橋和之,立憲主義と日本国憲法〔第4版〕,"(有斐閣,2017年)",結婚の自由をすべての人に訴訟（同性婚訴訟） / 県知事の公務での護国神社参拝取りやめをー政教分離原則の違反を問うー,立憲主義と日本国憲法(第4版) / 立憲主義と日本国憲法〔第4版〕
2,7,書籍,例研究会,ドイツの憲法判例IV,"(ドイツ憲法判例研究会編,信山社,2018年)",結婚の自由をすべての人に訴訟（同性婚訴訟） / 「18歳未満にも選挙で応援する自由を」訴訟,ドイツの憲法判例IV / ドイツの憲法判例Ⅳ
2,7,書籍,芦部信喜,憲法学Ⅱ人権総論,（有斐閣 １９９４ 年）３９３頁,結婚の自由をすべての人に訴訟（同性婚訴訟） / 既婚を理由に法的性別取扱い変更を認めないのは違憲！「なんでうちらが離婚せなあかんの？」裁判,憲法学II人権総論 / 憲法学Ⅱ人権総論
2,7,書籍,青山道夫・有地亨編,新版注釈民法(２１)〔復刊版〕,〔青山道夫・有地亨〕 （有斐閣，１９８９年）１５２頁,結婚の自由をすべての人に訴訟（同性婚訴訟） / 既婚を理由に法的性別取扱い変更を認めないのは違憲！「なんでうちらが離婚せなあかんの？」裁判,新版【注釈民法(21)〔復刊版〕 / 新版注釈民法(21)〔復刊版〕 / 新版注釈民法(２１)〔復刊版〕
2,7,書籍,辻村みよ子・山元一編,概説憲法コンメンタール,"(信山社, 2018年)",結婚の自由をすべての人に訴訟（同性婚訴訟） / 難民帰化訴訟〜真に社会の一員へ〜,
2,7,書籍,高橋和之,立憲主義と日本国憲法第5版,"(有斐閣,2020年)",結婚の自由をすべての人に訴訟（同性婚訴訟） / 「わたしの体は母体じゃない」訴訟,立憲主義と日本国憲法【第5版 / 立憲主義と日本国憲法〔第5版〕 / 立憲主義と日本国憲法第5版
2,6,書籍,,性的精神病質,(1886年 刊),結婚の自由をすべての人に訴訟（同性婚訴訟） / 日本でもマリアージュしたいねん～海外で成立した同性婚の受理を求める裁判～,
2,6,書籍,,日本親族法,を出版した 1942年時点での習俗的観念が、日本国憲法が制定された 1946年当時と大き,結婚の自由をすべての人に訴訟（同性婚訴訟） / 日本でもマリアージュしたいねん～海外で成立した同性婚の受理を求める裁判～,
2,6,書籍,青山道夫編,注釈民法(20)親族(1),（甲Ａ４８・１８９～１９０頁,結婚の自由をすべての人に訴訟（同性婚訴訟） / 日本でもマリアージュしたいねん～海外で成立した同性婚の受理を求める裁判～,
2,6,書籍,中川淳,親族法逐条解説,（日本加除出版）（甲Ａ５１・７２頁,結婚の自由をすべての人に訴訟（同性婚訴訟） / 日本でもマリアージュしたいねん～海外で成立した同性婚の受理を求める裁判～,
2,5,書籍,樋口陽一,憲法I,(青 林書院、1998年),司法の独立を脅かす岡口裁判官の罷免訴追に反対します！【アーカイブ】 / 要件を満たす島民の請求を市長が拒否！石垣島住民投票の権利を問う裁判【アーカイブ】,憲法I / 憲法Ⅰ
2,5,書籍,,憲法の理性〔増補新装版〕,(東京大学出版会、2016年),夫婦別姓も選べる社会へ！訴訟 / 「わたしの体は母体じゃない」訴訟,憲法の理性(増補新装版) / 憲法の理性〔増補新装版〕
2,5,書籍,宇賀克也,新・情報公開法の逐条解説[第8版〕,(有斐閣・2018年),「学術会議の独立性」を市民で守ろう ～会員任命拒否理由の情報公開訴訟～ / 政府が開示を拒否する、安倍元首相の「国葬文書」開示を！訴訟,新・情報公開法の逐条解説(第8版) / 新・情報公開法の逐条解説[第8版〕
2,5,書籍,松井茂記,日本国憲法（第4版）,（有斐閣、 2022年）128-9頁,本人の意思を無視して日本国籍を一方的にはく奪する「国籍法11条1項は違憲」訴訟 / 夫婦別姓も選べる社会へ！訴訟,日本国憲法[第4版] / 日本国憲法（第4版）
2,5,論文（雑誌掲載）,加藤正明,異常性欲,"井村恒郎ほか編『異常心理学講座第1部D第2』(みすず書房,昭 和30年)",結婚の自由をすべての人に訴訟（同性婚訴訟） / 日本でもマリアージュしたいねん～海外で成立した同性婚の受理を求める裁判～,
2,5,書籍,南野千惠子監修,解説性同一性障害者性別取扱特例法,"(日本加除出版,20 04年)",結婚の自由をすべての人に訴訟（同性婚訴訟） / 日本でもマリアージュしたいねん～海外で成立した同性婚の受理を求める裁判～,
2,4,書籍,辻村みよ子,ジェンダーと人権,(日 本評論社、2008年),結婚の自由をすべての人に訴訟（同性婚訴訟） / 夫婦別姓も選べる社会へ！訴訟,
2,4,書籍,高橋和之,体系憲法訴訟,"(岩波書店, 2017)",結婚の自由をすべての人に訴訟（同性婚訴訟） / 人質司法に終止符を！訴訟,
2,4,書籍,,判例プラクティス憲法〔第3版〕,(信 山社、2022年),結婚の自由をすべての人に訴訟（同性婚訴訟） / 夫婦別姓も選べる社会へ！訴訟,判例プラクティス憲法[第3版] / 判例プラクティス憲法〔第3版〕
2,4,論文（雑誌掲載）,棚村政行,同性愛者間の婚姻は法的に可能か,法学セミナー476号(甲A325・21頁,結婚の自由をすべての人に訴訟（同性婚訴訟） / 日本でもマリアージュしたいねん～海外で成立した同性婚の受理を求める裁判～,
2,4,書籍,宇賀克也,地方自治法概説,(有斐閣、2023年),要件を満たす島民の請求を市長が拒否！石垣島住民投票の権利を問う裁判【アーカイブ】 / 平和の島であるために ― 馬毛島の自然と自治を守る裁判,
2,4,書籍,和田于一,婚姻法論,(大阪巌松堂書店、 1925年),わたしたちはもう待てない〜同性婚仙台家事審判事件 / 日本でもマリアージュしたいねん～海外で成立した同性婚の受理を求める裁判～,
2,4,書籍,谷口洋幸・齊藤笑美子・大島梨沙編,性的マイノリティ判例解説,信山社: 160-164,結婚の自由をすべての人に訴訟（同性婚訴訟） / 「同性パートナーにも犯罪被害の遺族給付金を」訴訟,性的マイノリティ判例【解説 / 性的マイノリティ判例解説
2,4,書籍,美矢紀=宍戸常寿,憲法学読本第3版,(有斐閣、2018年),結婚の自由をすべての人に訴訟（同性婚訴訟） / 「セックスワークにも給付金を」訴訟 【アーカイブ】,憲法学読本〔第3版〕 / 憲法学読本第3版
2,4,書籍,辻村みよ子責任編集,憲法研究,第4号(2019年1月),結婚の自由をすべての人に訴訟（同性婚訴訟） / 夫婦別姓も選べる社会へ！訴訟,
2,4,書籍,,新版注釈民法(21)親族(1),(有斐閣、1989),結婚の自由をすべての人に訴訟（同性婚訴訟） / 日本でもマリアージュしたいねん～海外で成立した同性婚の受理を求める裁判～,
2,4,書籍,,競売の法と経済学,(信山社、2001年),コロナ禍、日本社会の理不尽を問う（コロナ特措法違憲訴訟）【アーカイブ】 / “コロナ感染者立ち寄りで店名公表”は違法！訴訟【アーカイブ】,
2,4,書籍,塩野宏,行政法Ⅰ[第六版],296 ~297頁,結婚の自由をすべての人に訴訟（同性婚訴訟） / 「学術会議の独立性」を市民で守ろう ～会員任命拒否理由の情報公開訴訟～,行政法I(第六版) / 行政法I第六版 / 行政法Ⅰ(第六版) / 行政法Ⅰ[第六版]
2,4,書籍,外岡茂十郎,親族法講義,(敬文堂書店、1924年),わたしたちはもう待てない〜同性婚仙台家事審判事件 / 日本でもマリアージュしたいねん～海外で成立した同性婚の受理を求める裁判～,
2,4,書籍,河邊久雄講述,親族法講義,(日本大学出版部、1930年),わたしたちはもう待てない〜同性婚仙台家事審判事件 / 日本でもマリアージュしたいねん～海外で成立した同性婚の受理を求める裁判～,
2,3,論文（雑誌掲載）,米村滋人,『婚姻の自由,に関する基本的な問題状況」法律時報 94巻6号(2022年),結婚の自由をすべての人に訴訟（同性婚訴訟） / 夫婦別姓も選べる社会へ！訴訟,
2,3,論文（雑誌掲載）,窪田充見,夫婦別姓,法学教室429号(2016年),夫婦別姓も選べる社会へ！訴訟 / 日本でもマリアージュしたいねん～海外で成立した同性婚の受理を求める裁判～,
2,3,書籍,渡辺康行他,憲法Ⅰ基本権（第2版）,（日本評論社、 2023年）340頁,本人の意思を無視して日本国籍を一方的にはく奪する「国籍法11条1項は違憲」訴訟 / 夫婦別姓も選べる社会へ！訴訟,憲法I基本権第2版 / 憲法Ⅰ基本権（第2版）
2,3,書籍,,憲法Ⅱ人権第2版,(日本評論社、2021),「共働き妻を亡くした夫にも遺族年金を」訴訟 / 「わたしの体は母体じゃない」訴訟,憲法II人権(第2版) / 憲法Ⅱ人権第2版
2,3,書籍,戸松秀典,憲法訴訟(第2版),(有 斐閣、2008年),結婚の自由をすべての人に訴訟（同性婚訴訟） / 夫婦別姓も選べる社会へ！訴訟,
2,3,論文（雑誌掲載）,石川稔,新・家族法事情同性愛者の婚姻〔その2〕,法学セミナー356号(昭和59 年),結婚の自由をすべての人に訴訟（同性婚訴訟） / 日本でもマリアージュしたいねん～海外で成立した同性婚の受理を求める裁判～,
2,3,書籍,中川善之助,新訂親族法,(青林書院新社、1965年),結婚の自由をすべての人に訴訟（同性婚訴訟） / 夫婦別姓も選べる社会へ！訴訟,
2,3,書籍,梅謙次郎,民法要義巻之四,甲Ａ９・１１８頁,結婚の自由をすべての人に訴訟（同性婚訴訟） / 日本でもマリアージュしたいねん～海外で成立した同性婚の受理を求める裁判～,
2,3,書籍,長谷部恭男編,注解日本国憲法(2),(有斐閣、2017年),日米同性カップル在留資格訴訟  〜家族そろって日本で暮らすために〜【アーカイブ】 / 夫婦別姓も選べる社会へ！訴訟,
2,3,書籍,穂積重遠,親族法,"(岩波書店, 1933)",結婚の自由をすべての人に訴訟（同性婚訴訟） / 日本でもマリアージュしたいねん～海外で成立した同性婚の受理を求める裁判～,
2,2,書籍,集刊行委員会編,21世紀の家族と法,(法学書院、2008),わたしたちはもう待てない〜同性婚仙台家事審判事件 / 日本でもマリアージュしたいねん～海外で成立した同性婚の受理を求める裁判～,
2,2,英語文献,,"Columbia University Press, 1981), p. 249",,日米同性カップル在留資格訴訟  〜家族そろって日本で暮らすために〜【アーカイブ】 / 難民帰化訴訟〜真に社会の一員へ〜,
2,2,書籍,二宮周平編,LGBTQの家族形成支援,(信山社、2023),わたしたちはもう待てない〜同性婚仙台家事審判事件 / 日本でもマリアージュしたいねん～海外で成立した同性婚の受理を求める裁判～,
2,2,英語文献,,Oxford University Press,,結婚の自由をすべての人に訴訟（同性婚訴訟） / 日米同性カップル在留資格訴訟  〜家族そろって日本で暮らすために〜【アーカイブ】,
2,2,英語文献,,"Oxford University Press, 2010), pp. 98-99",,日米同性カップル在留資格訴訟  〜家族そろって日本で暮らすために〜【アーカイブ】 / 難民帰化訴訟〜真に社会の一員へ〜,
2,2,英語文献,,"Oxford University Press, 2014), p. 176",,日米同性カップル在留資格訴訟  〜家族そろって日本で暮らすために〜【アーカイブ】 / 難民帰化訴訟〜真に社会の一員へ〜,
2,2,論文（雑誌掲載）,前田陽一,いわゆる「仮想の『身分行為,」の効力に関する一考察」立教 34 号 〔1990〕128 頁,わたしたちはもう待てない〜同性婚仙台家事審判事件 / 日本でもマリアージュしたいねん～海外で成立した同性婚の受理を求める裁判～,
2,2,論文（雑誌掲載）,,まちづくり、集合住宅づくりは誰が決めるべきか,都市住宅学22号(平成10年夏号),コロナ禍、日本社会の理不尽を問う（コロナ特措法違憲訴訟）【アーカイブ】 / “コロナ感染者立ち寄りで店名公表”は違法！訴訟【アーカイブ】,
2,2,論文（雑誌掲載）,杉山麻里子,セクシュアルマイノリティの家族形成,二宮周平・風間 『家族の変容と法制度の再構築』(法律文化社、2022),わたしたちはもう待てない〜同性婚仙台家事審判事件 / 日本でもマリアージュしたいねん～海外で成立した同性婚の受理を求める裁判～,
2,2,書籍,近藤敦,人権法,(日本評論社、2020年),結婚の自由をすべての人に訴訟（同性婚訴訟） / 日米同性カップル在留資格訴訟  〜家族そろって日本で暮らすために〜【アーカイブ】,
2,2,書籍,近藤敦,人権法〔第2版〕,(日本評論社、2020年),日米同性カップル在留資格訴訟  〜家族そろって日本で暮らすために〜【アーカイブ】 / 難民帰化訴訟〜真に社会の一員へ〜,
2,2,書籍,村上正直,人種差別撤廃条約と日本,日本評論社、2005 年、20~21頁,「人種差別を許さない」訴訟　～警察官による母子の不当聴取と個人情報の漏洩～ / 「日本の入管収容は国際人権法違反」訴訟,
2,2,書籍,,児童の権利に関する条約,(平成6 年条約第62号),「人種差別を許さない」訴訟　～警察官による母子の不当聴取と個人情報の漏洩～ / 赤ちゃん取り違え被害者に「出自を知る権利を」訴訟【アーカイブ】,
2,2,書籍,西谷敏,労働法〔第3版〕,(日本評論社、2020 年),「人間を育てる教員に、人間らしい働き方を」訴訟【アーカイブ】 / 「会計年度任用職員にも労働基本権を！」訴訟,
2,2,書籍,岩波ブックレット,同性婚法制化のためのQ&A,出版 1059 2024.3 【パートナーシップ制度開始】 埼玉県羽生市、新潟県村上市,結婚の自由をすべての人に訴訟（同性婚訴訟） / わたしたちはもう待てない〜同性婚仙台家事審判事件,
2,2,書籍,西埜章,国家賠償法コンメンタール[第3版],(勁草書 房、2020年),ネパール人取調べ中死亡国賠訴訟事件【アーカイブ】 / 人種差別的な職務質問をやめさせよう！訴訟｜#STOPレイシャルプロファイリング,国家賠償法コンメンタール[第3版] / 国家賠償法コンメンタール〔第3版〕
2,2,書籍,,大震災の法と政策,(日本評論社、1995年),コロナ禍、日本社会の理不尽を問う（コロナ特措法違憲訴訟）【アーカイブ】 / “コロナ感染者立ち寄りで店名公表”は違法！訴訟【アーカイブ】,
2,2,書籍,,実務注釈定期借家法,(信山社、2000年),コロナ禍、日本社会の理不尽を問う（コロナ特措法違憲訴訟）【アーカイブ】 / “コロナ感染者立ち寄りで店名公表”は違法！訴訟【アーカイブ】,
2,2,書籍,二宮周平・風間,家族の変容と法制度の再構築,(法律文化社、2022),わたしたちはもう待てない〜同性婚仙台家事審判事件 / 日本でもマリアージュしたいねん～海外で成立した同性婚の受理を求める裁判～,
2,2,論文（雑誌掲載）,大島梨沙,家族制改革における立法の位置,井田良・松原芳博編『立法学のフロンティア3立法実践の変革』(サカニシヤ出版、2014),わたしたちはもう待てない〜同性婚仙台家事審判事件 / 日本でもマリアージュしたいねん～海外で成立した同性婚の受理を求める裁判～,
2,2,書籍,常岡史子,家族法,(新世社、2020),わたしたちはもう待てない〜同性婚仙台家事審判事件 / 日本でもマリアージュしたいねん～海外で成立した同性婚の受理を求める裁判～,
2,2,書籍,柳勝司編,家族法(第4版),(嵯峨野書院、2019),わたしたちはもう待てない〜同性婚仙台家事審判事件 / 日本でもマリアージュしたいねん～海外で成立した同性婚の受理を求める裁判～,
2,2,書籍,木村草太准教授,平等なき平等条項論,(東京大学出版 会、2008年),「セックスワークにも給付金を」訴訟 【アーカイブ】 / 日本でもマリアージュしたいねん～海外で成立した同性婚の受理を求める裁判～,
2,2,書籍,渋谷秀樹,憲法(第2版),(平成25年・有斐閣),地方議会に横行する「少数派議員潰し」に立ち向かう訴訟【アーカイブ】 / 日本でもマリアージュしたいねん～海外で成立した同性婚の受理を求める裁判～,
2,2,書籍,,憲法〔第3版〕,(有斐閣、2017年),わたしたちはもう待てない〜同性婚仙台家事審判事件 / 人質司法に終止符を！訴訟,憲法(第3版) / 憲法〔第3版〕
2,2,書籍,憲法理論研究会編,憲法の可能性,（敬文堂、 2019年）99 頁,本人の意思を無視して日本国籍を一方的にはく奪する「国籍法11条1項は違憲」訴訟 / 難民帰化訴訟〜真に社会の一員へ〜,
2,2,書籍,芦部信喜,憲法学III人権各論(１)[増補版],(有斐閣，2000年),結婚の自由をすべての人に訴訟（同性婚訴訟） / 県知事の公務での護国神社参拝取りやめをー政教分離原則の違反を問うー,憲法学III人権各論(1)〔増補版〕 / 憲法学III人権各論(１)[増補版]
2,2,書籍,浦部法穂,憲法学教室〔第3版〕,(日本評論社、2016 年),難民帰化訴訟〜真に社会の一員へ〜 / 「18歳未満にも選挙で応援する自由を」訴訟,
2,2,書籍,辻村みよ子,憲法第6版,"日本評論社,2018, p.315. (17)",立候補年齢引き下げ訴訟 / 夫婦別姓も選べる社会へ！訴訟,憲法(第6版) / 憲法第6版
2,2,書籍,赤坂正浩,憲法講義(人権),(信山社、2011年),「わたしの体は母体じゃない」訴訟 / 難民帰化訴訟〜真に社会の一員へ〜,
2,2,書籍,,政策法学講座,"(第一法規,2003年)",コロナ禍、日本社会の理不尽を問う（コロナ特措法違憲訴訟）【アーカイブ】 / “コロナ感染者立ち寄りで店名公表”は違法！訴訟【アーカイブ】,
2,2,書籍,憲法普及会編,新しい憲法明るい生活,写 1947年(昭和22 年),結婚の自由をすべての人に訴訟（同性婚訴訟） / 夫婦別姓も選べる社会へ！訴訟,
2,2,書籍,,新ハイブリッド民法5家族法,(法律文化社、2021),わたしたちはもう待てない〜同性婚仙台家事審判事件 / 日本でもマリアージュしたいねん～海外で成立した同性婚の受理を求める裁判～,
2,2,書籍,美濃部達吉,新憲法逐条解説,日本評論社(1947年),わたしたちはもう待てない〜同性婚仙台家事審判事件 / 日本でもマリアージュしたいねん～海外で成立した同性婚の受理を求める裁判～,
2,2,論文（雑誌掲載）,,新旧規定対照表(我妻榮編),"我妻榮編『戦後における民法改正の経過』(日本評論新社,昭和31年)",結婚の自由をすべての人に訴訟（同性婚訴訟） / 日本でもマリアージュしたいねん～海外で成立した同性婚の受理を求める裁判～,
2,2,書籍,松本英昭,新版逐条地方自治法(第9次改訂版),(平成29年・学陽書房),地方議会に横行する「少数派議員潰し」に立ち向かう訴訟【アーカイブ】 / 立候補年齢引き下げ訴訟,
2,2,書籍,二宮周平編,新註釈民法(17)親族(1)§§725~791,(有斐閣、2017),わたしたちはもう待てない〜同性婚仙台家事審判事件 / 日本でもマリアージュしたいねん～海外で成立した同性婚の受理を求める裁判～,
2,2,論文（雑誌掲載）,大島梨沙,日本における『同性婚,問題」法セ 706 号7頁,わたしたちはもう待てない〜同性婚仙台家事審判事件 / 日本でもマリアージュしたいねん～海外で成立した同性婚の受理を求める裁判～,
2,2,論文（雑誌掲載）,大島理沙,日本における『同性婚,問題」法セ 706 号7頁,わたしたちはもう待てない〜同性婚仙台家事審判事件 / 日本でもマリアージュしたいねん～海外で成立した同性婚の受理を求める裁判～,
2,2,書籍,佐藤幸治,日本国憲法論,(平成23年・成文堂),地方議会に横行する「少数派議員潰し」に立ち向かう訴訟【アーカイブ】 / 日本でもマリアージュしたいねん～海外で成立した同性婚の受理を求める裁判～,
2,2,書籍,中川善之助,日本親族法——昭和17年,(日本評論社、1942),わたしたちはもう待てない〜同性婚仙台家事審判事件 / 日本でもマリアージュしたいねん～海外で成立した同性婚の受理を求める裁判～,
2,2,書籍,中川善之助,日本親族法―昭和十七年,(日本評論社、1942),わたしたちはもう待てない〜同性婚仙台家事審判事件 / 日本でもマリアージュしたいねん～海外で成立した同性婚の受理を求める裁判～,
2,2,書籍,柳川勝二,日本親族法論,(清水書店、1924年),わたしたちはもう待てない〜同性婚仙台家事審判事件 / 日本でもマリアージュしたいねん～海外で成立した同性婚の受理を求める裁判～,
2,2,書籍,牧野菊之助,日本親族法論全,(巌松堂書店、1908),わたしたちはもう待てない〜同性婚仙台家事審判事件 / 日本でもマリアージュしたいねん～海外で成立した同性婚の受理を求める裁判～,
2,2,論文（雑誌掲載）,安部祥太,未決拘禁と身体不拘束の原則,『国境を越える市民社会と 刑事人権—— 新倉修先生古稀祝賀論文集』(現代人文社、2019年),日本の「黙秘権」を問う訴訟 〜56時間にわたる侮辱的な取調べは違法〜  / 人質司法に終止符を！訴訟,
2,2,書籍,,条解国家賠償法,弘文堂281頁,「海外でも国民審査を」訴訟【アーカイブ】 / クルド難民収容者暴行被害国賠訴訟【アーカイブ】,
2,2,書籍,須藤陽子,比例原則の現代的意義と機能,(法律文化社、2010年),コロナ禍、日本社会の理不尽を問う（コロナ特措法違憲訴訟）【アーカイブ】 / 司法の独立を脅かす岡口裁判官の罷免訴追に反対します！【アーカイブ】,
2,2,書籍,山本敬三監修,民法7家族,(有斐閣、2023),わたしたちはもう待てない〜同性婚仙台家事審判事件 / 日本でもマリアージュしたいねん～海外で成立した同性婚の受理を求める裁判～,
2,2,書籍,前田陽一・本山敦・浦野由紀子,民法VI親族・相続(第6版),(有斐閣、 16 大島梨沙「日本における『同性婚』問題」法セ 706 号7頁,わたしたちはもう待てない〜同性婚仙台家事審判事件 / 日本でもマリアージュしたいねん～海外で成立した同性婚の受理を求める裁判～,
2,2,書籍,,民法草案人事篇理由書,(1888),わたしたちはもう待てない〜同性婚仙台家事審判事件 / 日本でもマリアージュしたいねん～海外で成立した同性婚の受理を求める裁判～,
2,2,書籍,松川正毅,民法親族・相続(第7版),(有斐閣アルマ、2022),わたしたちはもう待てない〜同性婚仙台家事審判事件 / 日本でもマリアージュしたいねん～海外で成立した同性婚の受理を求める裁判～,
2,2,書籍,英一,法学入門,(有斐閣、2010),わたしたちはもう待てない〜同性婚仙台家事審判事件 / 日本でもマリアージュしたいねん～海外で成立した同性婚の受理を求める裁判～,
2,2,書籍,高窪喜八郎,法律学説判例総覧第5巻の2親族編第1続編,418-419 頁,わたしたちはもう待てない〜同性婚仙台家事審判事件 / 日本でもマリアージュしたいねん～海外で成立した同性婚の受理を求める裁判～,
2,2,論文（雑誌掲載）,薄井一成,申請手続過程と法,磯部力ほか編『行政法の新構想II 行政作用・行政手続・行政 情報法』有斐閣(2008年),ジャーナリストに渡航の自由を！訴訟【アーカイブ】 / 日米同性カップル在留資格訴訟  〜家族そろって日本で暮らすために〜【アーカイブ】,
2,2,書籍,,異性特質の相互享有,だと考える」 (前揭中川(1930),わたしたちはもう待てない〜同性婚仙台家事審判事件 / 日本でもマリアージュしたいねん～海外で成立した同性婚の受理を求める裁判～,
2,2,書籍,,目的論的解釈,である」 という(前掲山本(2021),わたしたちはもう待てない〜同性婚仙台家事審判事件 / 日本でもマリアージュしたいねん～海外で成立した同性婚の受理を求める裁判～,
2,2,書籍,高橋和之,立憲主義と日本国憲法(第3版),149頁,県知事の公務での護国神社参拝取りやめをー政教分離原則の違反を問うー / 夫婦別姓も選べる社会へ！訴訟,立憲主義と日本国憲法(第3版) / 立憲主義と日本国憲法〔第3版〕
2,2,書籍,井田良・松原芳博編,立法学のフロンティア3立法実践の変革,(サカニシヤ出版、2014),わたしたちはもう待てない〜同性婚仙台家事審判事件 / 日本でもマリアージュしたいねん～海外で成立した同性婚の受理を求める裁判～,
2,2,論文（雑誌掲載）,内野正幸・判例評釈,自治研究,26巻1号〔1950年〕33頁,在外選挙権確認訴訟【アーカイブケース】 / 司法の独立を脅かす岡口裁判官の罷免訴追に反対します！【アーカイブ】,
2,2,書籍,日本法医学会の翻訳により,色情狂編,として出版され、我が国にも紹介された21,結婚の自由をすべての人に訴訟（同性婚訴訟） / 日本でもマリアージュしたいねん～海外で成立した同性婚の受理を求める裁判～,
2,2,論文（雑誌掲載）,塩野宏,行政法II[第6版],(有斐閣、2023),日米同性カップル在留資格訴訟  〜家族そろって日本で暮らすために〜【アーカイブ】 / 人種差別的な職務質問をやめさせよう！訴訟｜#STOPレイシャルプロファイリング,行政法II[第6版] / 行政法Ⅱ第6版
2,2,書籍,塩野宏,行政法I〔第6版〕,(有斐閣、201 5年),ジャーナリストに渡航の自由を！訴訟【アーカイブ】 / 『宮本から君へ』助成金不交付決定取消訴訟【アーカイブ】,行政法I〔第6版〕 / 行政法Ⅰ(第6版)
2,2,書籍,小早川光郎,行政法上,(弘文堂、1999年),結婚の自由をすべての人に訴訟（同性婚訴訟） / 地方議会に横行する「少数派議員潰し」に立ち向かう訴訟【アーカイブ】,
2,2,書籍,阿部泰隆,行政法再入門(上)(第2版),(信山社、2016年),コロナ禍、日本社会の理不尽を問う（コロナ特措法違憲訴訟）【アーカイブ】 / “コロナ感染者立ち寄りで店名公表”は違法！訴訟【アーカイブ】,行政法再入門(上)(第2版) / 行政法再入門上第2版
2,2,論文（雑誌掲載）,中川丈久,行政訴訟としての「確認訴訟,の可能性一改正行政事件訴訟法の理論的インパクトー」(民商法雑誌130巻6号1),神戸石炭訴訟｜気候変動と大気汚染を防ぐため、石炭火力発電所新設は取り消しを！【アーカイブ】 / デジタル時代の「知る権利」を守る。情報開示を阻む手数料を問う訴訟,行政訴訟としての「確認訴訟 / 行政訴訟としての『確認訴訟
2,2,書籍,伊藤正己,裁判官と学者の間,(有斐閣、1993年),在外選挙権確認訴訟【アーカイブケース】 / 日本の「黙秘権」を問う訴訟 〜56時間にわたる侮辱的な取調べは違法〜 ,
2,2,書籍,川善之助,親族・相続,(岩波書店、1933),わたしたちはもう待てない〜同性婚仙台家事審判事件 / 日本でもマリアージュしたいねん～海外で成立した同性婚の受理を求める裁判～,
2,2,書籍,岡村司,親族法,(金刺芳流堂、1922),わたしたちはもう待てない〜同性婚仙台家事審判事件 / 日本でもマリアージュしたいねん～海外で成立した同性婚の受理を求める裁判～,
2,2,書籍,野上久幸,親族法,(三省堂、1928),わたしたちはもう待てない〜同性婚仙台家事審判事件 / 日本でもマリアージュしたいねん～海外で成立した同性婚の受理を求める裁判～,
2,2,書籍,野上久幸,親族法・三省堂コンメンタール,(三省堂、1928年),わたしたちはもう待てない〜同性婚仙台家事審判事件 / 日本でもマリアージュしたいねん～海外で成立した同性婚の受理を求める裁判～,
2,2,書籍,穂積重遠,親族法大意(改訂版),(岩 波書店、1925年),わたしたちはもう待てない〜同性婚仙台家事審判事件 / 日本でもマリアージュしたいねん～海外で成立した同性婚の受理を求める裁判～,
2,2,書籍,野田孝明,親族法講義案,(巌松堂書店、1933),わたしたちはもう待てない〜同性婚仙台家事審判事件 / 日本でもマリアージュしたいねん～海外で成立した同性婚の受理を求める裁判～,
2,2,書籍,岩田新,親族相続法綱要,(同文館、1926年),わたしたちはもう待てない〜同性婚仙台家事審判事件 / 日本でもマリアージュしたいねん～海外で成立した同性婚の受理を求める裁判～,
2,2,書籍,遠藤登喜夫,親族相続法綱領,(巌松堂書店、1924年),わたしたちはもう待てない〜同性婚仙台家事審判事件 / 日本でもマリアージュしたいねん～海外で成立した同性婚の受理を求める裁判～,
2,2,書籍,岩田新,親族相続法網要,(同文館、1926),わたしたちはもう待てない〜同性婚仙台家事審判事件 / 日本でもマリアージュしたいねん～海外で成立した同性婚の受理を求める裁判～,
2,2,論文（雑誌掲載）,法学協会編,註解日本国憲法下巻,"有斐閣,1954, pp.760-762. (24)",司法の独立を脅かす岡口裁判官の罷免訴追に反対します！【アーカイブ】 / 立候補年齢引き下げ訴訟,
2,2,書籍,中川善之助編,註釈親族法上,(有斐閣、1950),わたしたちはもう待てない〜同性婚仙台家事審判事件 / 日本でもマリアージュしたいねん～海外で成立した同性婚の受理を求める裁判～,
