ケースID,タイトル,資料件数,テキスト化済み,テキスト化率,URL,タグ
I0000031,結婚の自由をすべての人に訴訟（同性婚訴訟）,764,731,96%,https://www.call4.jp/info.php?type=items&id=I0000031,ジェンダー・セクシュアリティ
I0000084,大川原化工機事件 〜無実で約１年勾留「人質司法」問題をただす〜【アーカイブ】,368,344,93%,https://www.call4.jp/info.php?type=items&id=I0000084,刑事司法/アーカイブ
I0000146,「学術会議の独立性」を市民で守ろう ～会員任命拒否理由の情報公開訴訟～,268,260,97%,https://www.call4.jp/info.php?type=items&id=I0000146,公正な手続/情報公開/政治参加・表現の自由
I0000071,コロナ禍、日本社会の理不尽を問う（コロナ特措法違憲訴訟）【アーカイブ】,224,207,92%,https://www.call4.jp/info.php?type=items&id=I0000071,公正な手続/アーカイブ
I0000155,人質司法に終止符を！訴訟,199,197,99%,https://www.call4.jp/info.php?type=items&id=I0000155,刑事司法
I0000173,【大川原化工機事件】裁判官の責任を問う訴訟,171,166,97%,https://www.call4.jp/info.php?type=items&id=I0000173,刑事司法/公正な手続
I0000128,人種差別的な職務質問をやめさせよう！訴訟｜#STOPレイシャルプロファイリング,166,164,99%,https://www.call4.jp/info.php?type=items&id=I0000128,外国にルーツを持つ人々
I0000064,「セックスワークにも給付金を」訴訟 【アーカイブ】,162,148,91%,https://www.call4.jp/info.php?type=items&id=I0000064,ジェンダー・セクシュアリティ/公正な手続/アーカイブ
I0000106,本人の意思を無視して日本国籍を一方的にはく奪する「国籍法11条1項は違憲」訴訟,161,153,95%,https://www.call4.jp/info.php?type=items&id=I0000106,公正な手続
I0000124,恵庭市「障害者虐待」隠ぺい事件　〜元市議への忖度による放置を許さない〜,157,143,91%,https://www.call4.jp/info.php?type=items&id=I0000124,医療・福祉・障がい/公正な手続
I0000132,「わたしの体は母体じゃない」訴訟,155,154,99%,https://www.call4.jp/info.php?type=items&id=I0000132,ジェンダー・セクシュアリティ/医療・福祉・障がい
I0000150,政府が開示を拒否する、安倍元首相の「国葬文書」開示を！訴訟,154,152,99%,https://www.call4.jp/info.php?type=items&id=I0000150,公正な手続/情報公開
I0000052,警察庁が保有する秘密個人情報ファイル簿の情報公開訴訟,139,135,97%,https://www.call4.jp/info.php?type=items&id=I0000052,刑事司法/情報公開
I0000076,「琉球人のご先祖の遺骨返還を」訴訟【アーカイブ】,137,119,87%,https://www.call4.jp/info.php?type=items&id=I0000076,沖縄/アーカイブ
I0000082,隠される「国の事故調査」プロセスを明らかに！訴訟,125,122,98%,https://www.call4.jp/info.php?type=items&id=I0000082,情報公開
I0000063,クルド難民収容者暴行被害国賠訴訟【アーカイブ】,122,98,80%,https://www.call4.jp/info.php?type=items&id=I0000063,外国にルーツを持つ人々/アーカイブ
I0000080,地方議会に横行する「少数派議員潰し」に立ち向かう訴訟【アーカイブ】,118,118,100%,https://www.call4.jp/info.php?type=items&id=I0000080,政治参加・表現の自由/アーカイブ
I0000117,立候補年齢引き下げ訴訟,101,94,93%,https://www.call4.jp/info.php?type=items&id=I0000117,公正な手続/政治参加・表現の自由
I0000131,夫婦別姓も選べる社会へ！訴訟,101,100,99%,https://www.call4.jp/info.php?type=items&id=I0000131,ジェンダー・セクシュアリティ
I0000062,羽田空港新ルート設定の取消訴訟【アーカイブ】,99,97,98%,https://www.call4.jp/info.php?type=items&id=I0000062,公正な手続/環境・災害
I0000093,日米合同委員会議事録情報公開訴訟【アーカイブ】,98,98,100%,https://www.call4.jp/info.php?type=items&id=I0000093,情報公開/アーカイブ
I0000156,病院でよく出る薬を、薬局ですぐ買える「零売」を守る訴訟,97,90,93%,https://www.call4.jp/info.php?type=items&id=I0000156,医療・福祉・障がい
I0000115,市民との約束を無視して進む「新焼却炉建設」を止める訴訟【アーカイブ】,95,92,97%,https://www.call4.jp/info.php?type=items&id=I0000115,公正な手続/環境・災害/アーカイブ
I0000123,県知事の公務での護国神社参拝取りやめをー政教分離原則の違反を問うー,95,95,100%,https://www.call4.jp/info.php?type=items&id=I0000123,公正な手続/政治参加・表現の自由
I0000053,鬼怒川大水害訴訟,94,93,99%,https://www.call4.jp/info.php?type=items&id=I0000053,公正な手続/環境・災害
I0000061,野村ダム緊急放流による水害訴訟,94,93,99%,https://www.call4.jp/info.php?type=items&id=I0000061,公正な手続/環境・災害
I0000092,イラク戦争検証報告書情報公開訴訟【アーカイブ】,92,90,98%,https://www.call4.jp/info.php?type=items&id=I0000092,情報公開/アーカイブ
I0000096,「日本の入管収容は国際人権法違反」訴訟,83,74,89%,https://www.call4.jp/info.php?type=items&id=I0000096,外国にルーツを持つ人々
I0000170,再開発は誰のため？いわき市の「不公正な行政契約は違法」訴訟,83,83,100%,https://www.call4.jp/info.php?type=items&id=I0000170,公正な手続/環境・災害
I0000049,レペタ訴訟【アーカイブ】,82,81,99%,https://www.call4.jp/info.php?type=items&id=I0000049,政治参加・表現の自由/アーカイブ
I0000114,受刑者にも適切な医療を！刑務所医療過誤事件,81,80,99%,https://www.call4.jp/info.php?type=items&id=I0000114,医療・福祉・障がい/刑事司法/公正な手続
I0000136,地域による報酬格差は違憲！裁判官の独立と良心を守る訴訟,77,77,100%,https://www.call4.jp/info.php?type=items&id=I0000136,働き方/公正な手続
I0000116,「会計年度任用職員にも労働基本権を！」訴訟,73,66,90%,https://www.call4.jp/info.php?type=items&id=I0000116,外国にルーツを持つ人々/働き方
I0000121,神戸石炭訴訟｜気候変動と大気汚染を防ぐため、石炭火力発電所新設は取り消しを！【アーカイブ】,71,70,99%,https://www.call4.jp/info.php?type=items&id=I0000121,環境・災害/アーカイブ
I0000094,ウィシュマさん名古屋入管死亡事件,67,64,96%,https://www.call4.jp/info.php?type=items&id=I0000094,外国にルーツを持つ人々
I0000141,要件を満たす島民の請求を市長が拒否！石垣島住民投票の権利を問う裁判【アーカイブ】,67,67,100%,https://www.call4.jp/info.php?type=items&id=I0000141,公正な手続/政治参加・表現の自由/沖縄/アーカイブ
I0000054,ネパール人取調べ中死亡国賠訴訟事件【アーカイブ】,65,64,98%,https://www.call4.jp/info.php?type=items&id=I0000054,外国にルーツを持つ人々/アーカイブ
I0000046,在外選挙権確認訴訟【アーカイブケース】,64,60,94%,https://www.call4.jp/info.php?type=items&id=I0000046,政治参加・表現の自由/アーカイブ
I0000148,おかゆ強制はおかしい！刑事施設における不要な食事制限の撤廃を求める裁判 ,64,63,98%,https://www.call4.jp/info.php?type=items&id=I0000148,刑事司法
I0000176,不透明な契約・区長の教育行政介入を問う住民訴訟 〜文京区の教育は誰のもの？,64,63,98%,https://www.call4.jp/info.php?type=items&id=I0000176,公正な手続
I0000120,神宮外苑を守ろう訴訟｜100年の歴史と3000本超の樹木を未来へ,62,62,100%,https://www.call4.jp/info.php?type=items&id=I0000120,公正な手続/環境・災害
I0000069,「LINE」を用いた住民票請求サービスの適法性確認請求事件【アーカイブ】,60,60,100%,https://www.call4.jp/info.php?type=items&id=I0000069,公正な手続/アーカイブ
I0000142,若者の志と人生を尊重する地域枠医師制度のために　～高額違約金は違法！～,60,60,100%,https://www.call4.jp/info.php?type=items&id=I0000142,医療・福祉・障がい/働き方
I0000070,「人間を育てる教員に、人間らしい働き方を」訴訟【アーカイブ】,59,59,100%,https://www.call4.jp/info.php?type=items&id=I0000070,働き方/アーカイブ
I0000041,カメルーン人男性死亡事件国賠訴訟【アーカイブ】,54,52,96%,https://www.call4.jp/info.php?type=items&id=I0000041,外国にルーツを持つ人々/公正な手続/アーカイブ
I0000125,婚外子国籍訴訟 —国籍法3条1項は違憲—【アーカイブ】,54,53,98%,https://www.call4.jp/info.php?type=items&id=I0000125,外国にルーツを持つ人々/アーカイブ
I0000133,「イチョウと住民自治を守ろう」訴訟【アーカイブ】,54,53,98%,https://www.call4.jp/info.php?type=items&id=I0000133,公正な手続/環境・災害/アーカイブ
I0000060,ジャーナリストに渡航の自由を！訴訟【アーカイブ】,53,51,96%,https://www.call4.jp/info.php?type=items&id=I0000060,公正な手続/アーカイブ
I0000104,公安警察による市民運動の監視を許さない。市民の「もの言う」自由を守るための訴訟【アーカイブ】,53,53,100%,https://www.call4.jp/info.php?type=items&id=I0000104,公正な手続/政治参加・表現の自由/個人情報・プライバシー/アーカイブ
I0000160,刑務所での強制ひげ剃りと懲罰 ～医師の所見を無視した処遇の違法性を問う手書き裁判～【アーカイブ】,51,47,92%,https://www.call4.jp/info.php?type=items&id=I0000160,医療・福祉・障がい/刑事司法/アーカイブ
I0000085,「人種差別を許さない」訴訟　～警察官による母子の不当聴取と個人情報の漏洩～,47,44,94%,https://www.call4.jp/info.php?type=items&id=I0000085,外国にルーツを持つ人々/刑事司法
I0000151,「18歳未満にも選挙で応援する自由を」訴訟,46,46,100%,https://www.call4.jp/info.php?type=items&id=I0000151,政治参加・表現の自由
I0000164,引越しで選挙権が制限されない未来へ！訴訟,45,44,98%,https://www.call4.jp/info.php?type=items&id=I0000164,政治参加・表現の自由
I0000086,優生保護法に奪われた人生を取り戻す裁判【アーカイブ】,41,37,90%,https://www.call4.jp/info.php?type=items&id=I0000086,医療・福祉・障がい/アーカイブ
I0000030,「海外でも国民審査を」訴訟【アーカイブ】,40,40,100%,https://www.call4.jp/info.php?type=items&id=I0000030,政治参加・表現の自由/アーカイブ
I0000143,リニアトンネル工事で街を壊さないで 〜平穏生活権を侵害する大深度法の違憲性を問う〜,39,39,100%,https://www.call4.jp/info.php?type=items&id=I0000143,公正な手続/環境・災害
I0000149,オープンコート訴訟 —法廷の“秩序”を問う—,38,38,100%,https://www.call4.jp/info.php?type=items&id=I0000149,公正な手続/政治参加・表現の自由
I0000050,海は誰のもの？沖縄県への「開発認可取消」訴訟【アーカイブ】,33,32,97%,https://www.call4.jp/info.php?type=items&id=I0000050,公正な手続/環境・災害/沖縄/アーカイブ
I0000088,首里城火災の管理責任を問う住民訴訟〜責任者出てこい！〜,33,30,91%,https://www.call4.jp/info.php?type=items&id=I0000088,公正な手続/沖縄
I0000105,「子どもと向き合う時間がほしい」児童相談所の労働環境改善を！訴訟【アーカイブ】,33,32,97%,https://www.call4.jp/info.php?type=items&id=I0000105,医療・福祉・障がい/働き方/アーカイブ
I0000152,保育料を経費に！訴訟,33,33,100%,https://www.call4.jp/info.php?type=items&id=I0000152,働き方
I0000087,赤ちゃん取り違え被害者に「出自を知る権利を」訴訟【アーカイブ】,32,30,94%,https://www.call4.jp/info.php?type=items&id=I0000087,公正な手続/情報公開/アーカイブ
I0000130,日本の「黙秘権」を問う訴訟 〜56時間にわたる侮辱的な取調べは違法〜 ,32,32,100%,https://www.call4.jp/info.php?type=items&id=I0000130,刑事司法
I0000056,マクリーン事件【アーカイブ】,30,30,100%,https://www.call4.jp/info.php?type=items&id=I0000056,外国にルーツを持つ人々/政治参加・表現の自由/アーカイブ
I0000135,難民帰化訴訟〜真に社会の一員へ〜,30,30,100%,https://www.call4.jp/info.php?type=items&id=I0000135,外国にルーツを持つ人々
I0000068,「鳥は空に魚は水に人は社会に」訴訟【アーカイブ】,29,28,97%,https://www.call4.jp/info.php?type=items&id=I0000068,医療・福祉・障がい/公正な手続/アーカイブ
I0000178,私として生きる権利を求めて。アイコさん難民不認定取消訴訟,28,27,96%,https://www.call4.jp/info.php?type=items&id=I0000178,外国にルーツを持つ人々/ジェンダー・セクシュアリティ
I0000112,家事労働者にも労災認定を！訴訟 【アーカイブ】,26,26,100%,https://www.call4.jp/info.php?type=items&id=I0000112,働き方/アーカイブ
I0000169,平和の島であるために ― 馬毛島の自然と自治を守る裁判,26,26,100%,https://www.call4.jp/info.php?type=items&id=I0000169,公正な手続/環境・災害
I0000159,日本でもマリアージュしたいねん～海外で成立した同性婚の受理を求める裁判～,25,25,100%,https://www.call4.jp/info.php?type=items&id=I0000159,ジェンダー・セクシュアリティ
I0000090,司法の独立を脅かす岡口裁判官の罷免訴追に反対します！【アーカイブ】,23,23,100%,https://www.call4.jp/info.php?type=items&id=I0000090,政治参加・表現の自由/アーカイブ
I0000095,『宮本から君へ』助成金不交付決定取消訴訟【アーカイブ】,23,19,83%,https://www.call4.jp/info.php?type=items&id=I0000095,公正な手続/政治参加・表現の自由/アーカイブ
I0000111,日米同性カップル在留資格訴訟  〜家族そろって日本で暮らすために〜【アーカイブ】,23,23,100%,https://www.call4.jp/info.php?type=items&id=I0000111,外国にルーツを持つ人々/ジェンダー・セクシュアリティ/アーカイブ
I0000067,「同性パートナーにも犯罪被害の遺族給付金を」訴訟,22,22,100%,https://www.call4.jp/info.php?type=items&id=I0000067,ジェンダー・セクシュアリティ/刑事司法
I0000081,市街地でＢＳＬ４の研究をしないでください,22,22,100%,https://www.call4.jp/info.php?type=items&id=I0000081,公正な手続/環境・災害
I0000157,「取調べ拒否」Tシャツを奪うな！―黙秘権と表現の自由を守る訴訟,22,22,100%,https://www.call4.jp/info.php?type=items&id=I0000157,刑事司法/公正な手続/政治参加・表現の自由
I0000072,行政による民泊事業届出拒否の適法性を問う,19,18,95%,https://www.call4.jp/info.php?type=items&id=I0000072,公正な手続/アーカイブ
I0000078,教育公務員の兼業のあり方を問う訴訟【アーカイブ】,18,18,100%,https://www.call4.jp/info.php?type=items&id=I0000078,働き方/公正な手続/アーカイブ
I0000109,新宿留置場事件【アーカイブ】,18,18,100%,https://www.call4.jp/info.php?type=items&id=I0000109,刑事司法/アーカイブ
I0000139,既婚を理由に法的性別取扱い変更を認めないのは違憲！「なんでうちらが離婚せなあかんの？」裁判,17,17,100%,https://www.call4.jp/info.php?type=items&id=I0000139,ジェンダー・セクシュアリティ
I0000165,「ヒグマハンターの猟銃を取り戻す」訴訟【アーカイブ】,17,17,100%,https://www.call4.jp/info.php?type=items&id=I0000165,公正な手続/アーカイブ
I0000182,デジタル時代の「知る権利」を守る。情報開示を阻む手数料を問う訴訟,17,17,100%,https://www.call4.jp/info.php?type=items&id=I0000182,公正な手続/情報公開
I0000119,“コロナ感染者立ち寄りで店名公表”は違法！訴訟【アーカイブ】,15,15,100%,https://www.call4.jp/info.php?type=items&id=I0000119,公正な手続/環境・災害/アーカイブ
I0000075,オペなしで！戸籍上も「俺」になりたい裁判【アーカイブ】,14,14,100%,https://www.call4.jp/info.php?type=items&id=I0000075,ジェンダー・セクシュアリティ/アーカイブ
I0000129,「共働き妻を亡くした夫にも遺族年金を」訴訟,14,14,100%,https://www.call4.jp/info.php?type=items&id=I0000129,ジェンダー・セクシュアリティ/働き方
I0000154,「無効のはずの廃園条例、なぜ続く？」— 子どもたちの保育環境を守るための訴訟,14,14,100%,https://www.call4.jp/info.php?type=items&id=I0000154,公正な手続
I0000083,ベトナム人技能実習生リンさんの死体遺棄罪刑事事件【アーカイブ】,11,11,100%,https://www.call4.jp/info.php?type=items&id=I0000083,外国にルーツを持つ人々/ジェンダー・セクシュアリティ/働き方/刑事司法/アーカイブ
I0000134,わたしたちはもう待てない〜同性婚仙台家事審判事件,11,11,100%,https://www.call4.jp/info.php?type=items&id=I0000134,ジェンダー・セクシュアリティ
I0000171,入管職員による人種差別と暴行事件【アーカイブ】,8,8,100%,https://www.call4.jp/info.php?type=items&id=I0000171,外国にルーツを持つ人々/アーカイブ
I0000172,袴田巌さん国家賠償請求訴訟 ―半世紀のえん罪、国の責任を問う,6,6,100%,https://www.call4.jp/info.php?type=items&id=I0000172,刑事司法/公正な手続
I0000179,海外有権者の一票を守れ！在外選挙制度を問う訴訟,5,5,100%,https://www.call4.jp/info.php?type=items&id=I0000179,公正な手続/政治参加・表現の自由
I0000089,過去の開示請求に対する意思決定プロセスを明らかに！〜入管の秘密主義を問う〜訴訟,4,4,100%,https://www.call4.jp/info.php?type=items&id=I0000089,外国にルーツを持つ人々/情報公開/アーカイブ
I0000167,気候正義訴訟－Climate Justice－,4,3,75%,https://www.call4.jp/info.php?type=items&id=I0000167,環境・災害
I0000097,財務省改ざん事件に真実を！〜改ざんの経緯を明らかに〜訴訟,0,0,-,https://www.call4.jp/info.php?type=items&id=I0000097,公正な手続/情報公開/アーカイブ
I0000100,不当な補正要求の繰り返しは開示請求権の侵害だ！〜財務省の姿勢を問う〜訴訟,0,0,-,https://www.call4.jp/info.php?type=items&id=I0000100,情報公開/アーカイブ
I0000102,大阪市はカジノ事業者との協議録を開示せよ！訴訟,0,0,-,https://www.call4.jp/info.php?type=items&id=I0000102,公正な手続/情報公開/アーカイブ
