ケースID,資料ID,資料名,has_textフラグ,実際に取れた文字数,結果,エラー内容
I0000087,006129,原告第16準備書面,False,247227,本文あり,
I0000052,000257,甲17：実績評価書(平成29年),False,101328,本文あり,
I0000054,002924,最終準備書面,False,63207,本文あり,
I0000167,007503,甲A1_IPCC第6次評価報告書・統合報告書・環境省訳,False,60591,本文あり,
I0000068,004224,原告・準備書面２,False,52193,本文あり,
I0000095,003263,上告理由書,False,35948,本文あり,
I0000082,005506,甲２１（漁船転覆事故に係る解析調査報告書）,False,16301,本文あり,
I0000087,003014,原告第４準備書面,False,11020,本文あり,
I0000064,003233,第11準備書面（前例は差別を正当化せず、また同種の前例もない）,False,10083,本文あり,
I0000131,005848,【札幌】20250120_証拠説明書（Ａ８）国会_甲A195-230の3,False,8782,本文あり,
I0000086,003175,230601仙台高裁判決要旨,False,6137,本文あり,
I0000150,005735,甲30：2024年6月8日メルマガ,False,2171,本文あり,
I0000132,008294,甲137：会告印刷,False,1756,本文あり,
I0000178,008169,訴状（2025.4.11）,False,1276,本文あり,
I0000096,003220,甲A50　自由権規約委員会第6回政府報告書審査　総括所見,False,305,本文あり,
I0000124,003826,【恵庭市「障害者虐待」隠ぺい事件】甲第７号証｜２０２３年８月２４日,False,222,本文あり,
I0000156,006622,乙第１７号証,False,59,本文あり,
I0000156,006620,乙第１５号証,False,59,本文あり,
I0000031,007493,【東京・二次】上告理由書第一分冊,False,0,空,
I0000031,003179,【九州（福岡）】判決に対する弁護団声明（裁判所によるものではありませんが、この場所に掲載しています）,False,0,エラー,PDFの解析に失敗しました: Secured pdf file are currently not supported.
I0000041,003259,230710　証人尋問実施方法についての意見書,False,0,空,
I0000041,003258,230631　証人尋問実施方法に関する上申書,False,0,空,
I0000046,000080,甲１３：公職選挙法改正に関する調査特別委員会議事録（第140回国会衆議院）,False,0,エラー,PDF file is not registered
I0000046,000081,甲１４：公職選挙法改正に関する調査特別委員会議事録（第141回国会衆議院）,False,0,エラー,PDF file is not registered
I0000049,000118,弁論要旨,False,0,空,
I0000050,000303,甲15～24-2,False,0,空,
I0000052,001598,判決,False,0,空,
I0000053,003837,原告準備書面（１）20231113,False,0,空,
I0000060,005486,一審原告準備書面（４）,False,0,空,
I0000060,006391,上告受理申立理由書,False,0,空,
I0000061,007441,判決書　2026年3月18日,False,0,空,
I0000062,000720,被告準備書面(1) 21.2.5,False,0,空,
I0000062,007106,上告理由および上告受理申し立て理由書｜2025年12月4日,False,0,空,
I0000063,002855,甲第33の20号証（甲12③：13m00~13m05s）,False,0,エラー,PDFの解析に失敗しました: Invalid PDF data: Missing `%PDF-` header.
I0000063,002898,乙第１２号証②（ホールカメラ-24時25分～24時36分）,False,0,エラー,PDFの解析に失敗しました: Invalid PDF data: Missing `%PDF-` header.
I0000064,004012,上告理由書,False,0,エラー,unexpected content type: bool False
I0000071,002298,乙第５７号証：基本的対処方針（令和2年4月7日諮問委員会）,False,0,エラー,PDFの解析に失敗しました: Empty PDF data given.
I0000071,002313,乙第７０号証：飲食店における感染対策チェックリストの遵守状況とクラスター発生との関連についての調査（令和3年7月14日）,False,0,エラー,PDFの解析に失敗しました: Empty PDF data given.
I0000072,001063,地裁2_甲号証AB,False,0,エラー,unexpected content type: bool False
I0000076,003596,甲181,False,0,エラー,PDFの解析に失敗しました: Empty PDF data given.
I0000076,003607,乙7,False,0,エラー,PDFの解析に失敗しました: Empty PDF data given.
I0000082,004061,乙①３０船舶国籍証書検認期限指定書（写）,False,0,空,
I0000084,003193,【第一審】第２準備書面,False,0,空,
I0000084,003238,証拠説明書8,False,0,空,
I0000085,003284,被告準備書面５,False,0,空,
I0000085,003283,被告準備書面４,False,0,空,
I0000086,003212,230616札幌高裁判決,False,0,空,
I0000088,006891,補助参加準備書面６,False,0,空,
I0000088,004802,甲4号証（首里城火災に関する那覇市消防局の調査報告書）,False,0,エラー,PDF file is not registered
I0000092,001914,乙第１０号証,False,0,エラー,unexpected content type: bool False
I0000092,001967,判決,False,0,空,
I0000094,004615,第10準備書面,False,0,空,
I0000094,003191,第６準備書面,False,0,空,
I0000095,003281,上告棄却決定（調書）,False,0,空,
I0000096,003217,甲A46　一般的意見35草案に対し日本政府が提出したコメント,False,0,空,
I0000105,003190,原告意見陳述書（第４回期日）,False,0,空,
I0000106,003261,【訴訟１】甲１２０原告陳述書（第3回口頭弁論期日提出）,False,0,エラー,unexpected content type: bool False
I0000106,007655,【訴訟２】動画解説！上告理由・補充書,False,0,エラー,PDFの解析に失敗しました: Invalid PDF data: Missing `%PDF-` header.
I0000114,004656,乙B8  精巣腫瘍診療ガイドライン 2015年版,False,0,エラー,transport: Expecting value: line 1 column 1 (char 0)
I0000115,005961,甲58-63,False,0,空,
I0000115,003151,乙第2号証,False,0,空,
I0000116,003169,被告　証拠一覧表20230522,False,0,空,
I0000116,003166,答弁書,False,0,空,
I0000117,003255,訴状要約版,False,0,エラー,unexpected content type: bool False
I0000117,004125,乙6,False,0,空,
I0000121,003434,大阪地裁判決｜2021年3月15日,False,0,エラー,PDFの解析に失敗しました: Secured pdf file are currently not supported.
I0000124,003824,【恵庭市「障害者虐待」隠ぺい事件】甲第５号証｜２０２３年８月２４日,False,0,空,
I0000125,004237,乙15号証,False,0,空,
I0000128,006009,"甲48　2019年9月27日付R. v. Le事件最高裁判決（ 2019 SCC 34 (CanLII), [2019] 2 SCR 692）",False,0,空,
I0000128,006024,"甲48（和訳）2019年9月27日付R. v. Le事件最高裁判決（ 2019 SCC 34 (CanLII), [2019] 2 SCR 692）",False,0,空,
I0000133,004493,甲C47　意見書（大串元区議）,False,0,エラー,unexpected content type: bool False
I0000146,005331,甲A49 裁決書,False,0,エラー,unexpected content type: bool False
I0000146,005385,甲B27 答申書,False,0,エラー,unexpected content type: bool False
I0000148,007573,乙B19_ポカリスエット基本情報,False,0,空,
I0000150,005731,甲26：新聞記事（日本経済新聞昭和50年6月3日夕刊）,False,0,空,
I0000155,008250,甲A134-1　ＵＮＯＤＣ Handbook,False,0,エラー,transport: Expecting value: line 1 column 1 (char 0)
I0000155,006721,乙8 ：第二回国会参議院司法委員会会議録第40号,False,0,空,
I0000160,006657,期日延長申立書（２）,False,0,空,
I0000160,006654,判決,False,0,空,
I0000164,008359,甲23：「住民基本台帳人口移動報告 2025年（令和7年）結果」（結果の要約及び結果の概要）,False,0,エラー,unexpected content type: bool False
I0000173,008067,甲A03-16　200608 第2勾留延長準抗告申立書,False,0,エラー,transport: Expecting value: line 1 column 1 (char 0)
I0000173,008118,甲A03-45　201124 勾留執行停止の条件変更申立書,False,0,エラー,unexpected content type: bool False
I0000176,007793,甲005　研修委託契約書,False,0,空,
I0000071,001279,甲第４５号証：令和3年2月12日「（参考）緊急事態宣言、まん延防止等重点措置等について」と題する資料,True,1047658,本文あり,
I0000179,008268,訴状,True,373207,本文あり,
I0000105,004926,原告第５準備書面,True,247581,本文あり,
I0000167,007504,甲A2_IPCC第6次評価報告書の概要-統合報告書-,True,133468,本文あり,
I0000128,004956,乙B1：初任科及び初任補修科実施要領の改正について（通達）,True,121469,本文あり,
I0000178,008149,甲C4-6,True,117760,本文あり,
I0000155,007393,甲A93-1 ：東京ルールズに関する国連による逐条解説,True,114659,本文あり,
I0000151,006986,甲２７： 昭和２７年３月２５日・第92回帝国議会衆議院における衆議院議員選挙法の一部を改正する法律案委員会第7号（赤枠加筆済み）抜粋,True,110379,本文あり,
I0000167,007502,訴状（第１次訴訟）,True,90010,本文あり,
I0000050,000309,乙1～7,True,85241,本文あり,
I0000049,000168,甲3：グローブ新聞社事件判決（原文）,True,71215,本文あり,
I0000061,007217,国　第12準備書面　最終｜2025年12月17日,True,61497,本文あり,
I0000130,004446,甲４号証（安部祥太氏意見書）,True,55935,本文あり,
I0000082,005551,被告準備書面（12）,True,55472,本文あり,
I0000086,001727,東京高裁　判決全文,True,55229,本文あり,
I0000106,006832,【訴訟３】大阪地裁判決,True,54735,本文あり,
I0000139,006144,2025年4月15日付抗告理由書（公開用編集版）,True,49063,本文あり,
I0000131,006639,【東京】20250815_第11準備書面（憲法13条）,True,47732,本文あり,
I0000131,006810,【札幌】20250910_第10準備書面（憲法13条）,True,46604,本文あり,
I0000060,000691,訴状別紙（旅券法推移）,True,39312,本文あり,
I0000116,008568,参加行政庁控訴答弁書,True,36279,本文あり,
I0000149,005588,訴状_20241113,True,35277,本文あり,
I0000095,001838,被告準備書面(1)_200508,True,34016,本文あり,
I0000130,005186,「控訴理由書」2024年9月17日,True,27636,本文あり,
I0000129,006709,準備書面(2),True,27568,本文あり,
I0000134,005553,家事審判申立書2024年2月14日,True,26949,本文あり,
I0000067,004156,第一審判決,True,24832,本文あり,
I0000136,006808,甲10号証│2023年　消費者物価地域差指数,True,24325,本文あり,
I0000115,003323,甲4: 沼津市新中間処理施設設備基本計画,True,24231,本文あり,
I0000068,004223,被告・準備書面（３）,True,24036,本文あり,
I0000157,006503,20250701　訴状　,True,22300,本文あり,
I0000030,000808,意見書（駒村圭吾先生）,True,19422,本文あり,
I0000070,002785,上告受理申立理由書,True,19317,本文あり,
I0000146,005344,甲A62 一部開示された行政文書,True,19091,本文あり,
I0000076,003640,甲35,True,18931,本文あり,
I0000064,001563,甲34：意見書（青山薫教授）,True,18719,本文あり,
I0000152,007032,第1準備書面【必要経費該当性判断枠組み及び保育料の該当性について】,True,18344,本文あり,
I0000053,000888,被告準備書面（６）20210406,True,18250,本文あり,
I0000120,003484,【訴訟２・新宿区訴訟】訴状｜2023年7月25日,True,17913,本文あり,
I0000084,002973,国：文書提出命令申立てに対する意見書,True,17811,本文あり,
I0000052,002163,答弁書,True,17487,本文あり,
I0000084,003142,国：準備書面4,True,17001,本文あり,
I0000164,007909,被告準備書面（2）_20260612,True,16227,本文あり,
I0000085,006897,控訴審判決,True,16119,本文あり,
I0000182,008581,【中林訴訟】甲第９号証20260612,True,15972,本文あり,
I0000125,004138,弁論要旨,True,15694,本文あり,
I0000087,006136,原告第11準備書面,True,15310,本文あり,
I0000160,006698,準備書面（２）,True,15067,本文あり,
I0000119,003457,高松高裁控訴審判決｜2023年7月13日,True,14729,本文あり,
I0000134,005870,太白区長意見書2024年7月9日,True,14729,本文あり,
I0000031,000292,【札幌・第２回】被告第１準備書面,True,13678,本文あり,
I0000150,008437,証拠説明書(5),True,13212,本文あり,
I0000062,003733,⚫︎証拠説明 甲95〜99（個人情報含むので、部分的に証拠をアップします）,True,13205,本文あり,
I0000046,000279,判決,True,12922,本文あり,
I0000092,001923,乙第１９号証,True,12908,本文あり,
I0000070,000986,第11回（証人尋問）裁判資料_校長②証人調書,True,12801,本文あり,
I0000052,000488,乙22：答申書（情報公開個人情報保護審査会）,True,12296,本文あり,
I0000056,000435,準備書面（二）,True,11692,本文あり,
I0000148,005522,甲第C1号証,True,11636,本文あり,
I0000064,000709,甲23：令和2年6月8日付官報（第201回国会 参議院会議録第23号）,True,11619,本文あり,
I0000088,004629,訴状｜2021年8月16日,True,11546,本文あり,
I0000171,007594,一審判決別表　2025年1月27日,True,11504,本文あり,
I0000141,004877,原告準備書面２｜2022年4月28日,True,11360,本文あり,
I0000075,001319,2021年10月4日  申立書,True,10720,本文あり,
I0000054,002967,被告東京都準備書面（９）,True,10683,本文あり,
I0000129,006217,第２準備書面,True,10555,本文あり,
I0000123,007532,甲41 浦部法穂「政教分離と信教の自由」ジュリスト1022号、52-55頁,True,10280,本文あり,
I0000172,008139,20260603準備書面(2),True,10082,本文あり,
I0000171,007479,訴状　2021年11月24日,True,9880,本文あり,
I0000133,004402,準備書面⑴,True,9804,本文あり,
I0000128,006743,甲75　報告書（レイシャルプロファイリングに対する監視と調査にかんする国際的基準）,True,9795,本文あり,
I0000176,007700,訴状（2026/1/13）,True,9753,本文あり,
I0000072,001072,控訴人第5準備書面,True,9456,本文あり,
I0000030,000233,第3準備書面,True,9371,本文あり,
I0000176,007775, 甲006-01 支出命令（R7.7）,True,8712,本文あり,
I0000085,005952,控訴審第１準備書面,True,8636,本文あり,
I0000151,006321,甲１０: 昭和２７年６月１４日・衆議院調査特別委員会（赤枠加筆済み）抜粋,True,8464,本文あり,
I0000154,006427,20250214前訴原告追加訴状,True,8137,本文あり,
I0000080,001609,土屋訴訟・準備書面（４）,True,7919,本文あり,
I0000075,001593,2021年12月24日付け補充書面１（国内の議論）,True,7351,本文あり,
I0000169,008381,原告第７準備書面,True,7215,本文あり,
I0000067,001860,被控訴人第7準備書面,True,7202,本文あり,
I0000124,004748,【恵庭市「障害者虐待」隠ぺい事件】甲第２１号証｜２０２４年６月１２日,True,6729,本文あり,
I0000133,005534,241017特別抗告理由書,True,6658,本文あり,
I0000054,002923,原告第１８準備書面,True,5976,本文あり,
I0000031,000774,【東京】甲A323　原告佐藤郁夫さんの妹さんの陳述書,True,5969,本文あり,
I0000179,008277,陳述書（原告ショイマン）,True,5905,本文あり,
I0000150,008464,甲67：安倍晋三元内閣総理大臣の国葬儀に関する質問主意書,True,5887,本文あり,
I0000090,001723,訴追状｜2021年6月16日,True,5749,本文あり,
I0000109,005837,甲26～29原告代理人小竹が検証でベルト手錠で縛られた際の傷,True,5728,本文あり,
I0000121,003442,証拠説明書２０｜2021年11月12日,True,5693,本文あり,
I0000114,005823,乙B28『医学大辞典』,True,5633,本文あり,
I0000135,006506,20230929 被告準備書面⑴,True,5519,本文あり,
I0000096,007683,甲A83　個人通報1973/2010（グリフィス対オーストラリア）見解,True,5448,本文あり,
I0000087,003017,証拠説明書（甲54-59),True,5379,本文あり,
I0000132,008298,"甲144の1：Tubal Sterilization_ Practice Essentials, Background, History of the Procedure",True,5343,本文あり,
I0000094,002144,文書提出命令申立書（司法解剖）,True,5264,本文あり,
I0000152,007828,証拠説明書⑷【甲50~57】,True,5221,本文あり,
I0000148,006794,乙B6　症例からみた臨床栄養学,True,5168,本文あり,
I0000115,007221,準備書面10,True,5050,本文あり,
I0000159,008597,c260625補充書面15（コガリさん申立適格）,True,5042,本文あり,
I0000111,004153,上告受理申立理由書要旨,True,5027,本文あり,
I0000092,001901,甲第３３号証,True,4883,本文あり,
I0000170,007616,甲17│契約一覧表（抜粋）,True,4690,本文あり,
I0000136,008640,証拠説明書（7）｜2026年8月31日,True,4545,本文あり,
I0000173,008038,甲A02　報告書 (2) 【公判前整理手続に関する記録】,True,4505,本文あり,
I0000063,002876,乙第２８号証（トルコ人の連行状況の再現について（報告））,True,4371,本文あり,
I0000117,003990,答弁書,True,4190,本文あり,
I0000089,002440,準備書面(1),True,4036,本文あり,
I0000135,007417,20250909 原告準備書面⑺,True,3985,本文あり,
I0000124,005137,【恵庭市「障害者虐待」隠ぺい事件】被告恵庭市準備書面（４）｜２０２４年９月３日,True,3896,本文あり,
I0000169,008389,被告準備書面（７）,True,3858,本文あり,
I0000143,006862,証拠説明書⑷,True,3820,本文あり,
I0000109,007584,付帯控訴状,True,3787,本文あり,
I0000154,006433,20250410第2回期日原告C（前訴原告）意見陳述,True,3749,本文あり,
I0000060,003110,被告準備書面（８）,True,3720,本文あり,
I0000069,001121,【訴訟①：確認の訴え】20210720証拠説明書（甲24～甲30）,True,3689,本文あり,
I0000156,007001,乙第２１号証の３,True,3612,本文あり,
I0000156,007278,甲第４０号証,True,3584,本文あり,
I0000056,000427,準備書面（三）,True,3427,本文あり,
I0000104,002349,【第１回】原告船田意見陳述,True,3410,本文あり,
I0000061,007028,原告　準備書面２０｜2024年3月1日,True,3385,本文あり,
I0000117,003985,甲B33の2　甲B33の1号証翻訳文,True,3111,本文あり,
I0000111,003296,控訴人A陳述書,True,3072,本文あり,
I0000049,000173,甲7：読売新聞・法廷でメモなぜ禁止,True,2986,本文あり,
I0000104,004116,結審にあたって、一審原告の三輪、近藤、船田、松島（代読）が、陳述した意見,True,2979,本文あり,
I0000120,006143,【訴訟２・新宿区訴訟】第6回口頭弁論　意見陳述書　原和加子（コモンズの緑を守る全国ネット共同代表）,True,2947,本文あり,
I0000132,008334,求釈明申立書_260703,True,2703,本文あり,
I0000063,002910,証拠説明書⑾（甲３３）,True,2686,本文あり,
I0000165,007324,被上告人弁論要旨　2026年2月27日,True,2657,本文あり,
I0000157,007306,乙６－３,True,2323,本文あり,
I0000093,001962,文書提出命令申立てに対する意見書（４）,True,2198,本文あり,
I0000046,000208,弁論要旨,True,2115,本文あり,
I0000083,001226,冒頭陳述要旨,True,1971,本文あり,
I0000062,005481,弁護団声明文｜2024年9月20日,True,1964,本文あり,
I0000053,000628,原告証拠説明書　甲29～31　20201009,True,1946,本文あり,
I0000159,007076,c240715補充書面５（何による区別か）,True,1869,本文あり,
I0000068,005877,控訴人意見陳述書,True,1858,本文あり,
I0000112,005157,準備書面(４),True,1785,本文あり,
I0000142,005125,被告証拠説明書（乙1～5）,True,1767,本文あり,
I0000080,001158,土屋訴訟・甲第22_2号証,True,1750,本文あり,
I0000149,007125,甲42：村上氏陳述書,True,1719,本文あり,
I0000143,006873,甲7１号,True,1688,本文あり,
I0000114,005817,被告証拠説明書７（乙B）,True,1682,本文あり,
I0000182,008584,【中林訴訟】原告意見陳述20260902,True,1621,本文あり,
I0000141,004914,控訴答弁書｜2023年9月26日,True,1616,本文あり,
I0000094,004614,求釈明に対する回答書,True,1598,本文あり,
I0000089,001706,準備書面(1),True,1593,本文あり,
I0000078,002175,被告　証拠説明書（４）,True,1572,本文あり,
I0000095,001833,準備書面(1)_210721,True,1525,本文あり,
I0000050,000323,2019年5月29日：準備書面④,True,1515,本文あり,
I0000142,006501,被告証拠説明書（乙8～10）,True,1490,本文あり,
I0000172,008140,20260603準備書面(3),True,1488,本文あり,
I0000112,005156,準備書面(３),True,1428,本文あり,
I0000078,001525,被告　準備書面（１）,True,1427,本文あり,
I0000119,004774,令和6年6月26日付最高裁上告不受理決定,True,1406,本文あり,
I0000170,007663,乙28│検査調書,True,1393,本文あり,
I0000041,001751,2021年12月15日 第13準備書面 証人尋問時に問題になったW氏が食事を取ったとされる時刻,True,1285,本文あり,
I0000139,006035,京都家裁決定に対する申立人コメント（裁判所によるものではありませんがここに掲載します）,True,1277,本文あり,
I0000088,004984,原告証拠説明書5（甲２１，２２）,True,1166,本文あり,
I0000093,002038,証拠説明書４,True,1027,本文あり,
I0000106,005435,【訴訟１】証拠説明書（３）,True,1013,本文あり,
I0000164,007915,被告証拠説明書（2）【乙12-14】_20260612,True,999,本文あり,
I0000096,007238,控訴状（2025年6月30日）,True,985,本文あり,
I0000072,000836,高裁_裁判長からの質問リスト,True,848,本文あり,
I0000160,006678,証拠保全申立書,True,843,本文あり,
I0000146,005367,甲B9 理由説明書,True,831,本文あり,
I0000178,008148,証拠説明書C2 甲C4-6 (2025.10),True,800,本文あり,
I0000090,001722,求釈明書｜2022年3月2日,True,765,本文あり,
I0000125,004135,一審被告控訴状,True,755,本文あり,
I0000081,004988,【旧訴】被告答弁書,True,717,本文あり,
I0000071,001257,甲第３５号証：「首相動静（令和3年2月25日）」（令和3年2月26日朝日新聞）,True,696,本文あり,
I0000165,007326,上告状兼上告受理申立書　2024年10月24日,True,681,本文あり,
I0000121,003384,証拠説明書１｜2018年11月19日,True,676,本文あり,
I0000076,003673,甲69,True,634,本文あり,
I0000086,002639,東京地裁西さん第１回期日・西さん意見陳述要旨,True,626,本文あり,
I0000069,002265,【訴訟②：国家賠償請求】20220606証拠説明書（甲44）,True,590,本文あり,
I0000105,003360,原告第３準備書面,True,588,本文あり,
I0000155,008215,甲A135-2 （日本語訳）コロシェンコ対ロシア事件,True,581,本文あり,
I0000081,004987,【旧訴】訴状訂正申立書,True,462,本文あり,
I0000173,008107,甲A03-46　201125 決定（勾留執行停止の条件変更）,True,378,本文あり,
I0000116,006208,書証（甲１４の２）,True,337,本文あり,
I0000083,001230,手紙訳文,True,329,本文あり,
I0000041,000041,2018年9月25日　原告第３準備書面　相互主義補充,True,300,本文あり,
I0000123,006716,20250829期日延期上申書,True,247,本文あり,
I0000082,004037,乙①８第５８寿和丸の＊＊＊について,True,53,本文あり,
